cruise_name,code,ship,link_to_cruise,departure_date,duration,price,PolarInside,PolarOutside,ArcticSuperior,ExpeditionSuite
Discover the Heart of Greenland,CENFRGRE1802,MS Fram,https://www.hurtigruten.com/destinations/greenland/discover-the-heart-of-greenland/,2018-06-30,12 Days,5409 €,5409 €,6231 €,6718 €,12071 €
Hidden Harbours Along North America’s Coast,CENFRNAM1801A,MS Fram,https://www.hurtigruten.com/destinations/north-america/hidden-harbours-along-north-americas-coast/,2018-04-15,16 Days,3488 €,3488 €,4011 €,4638 €,5824 €
The Ultimate Fjord Expedition in the Arctic,CENFRGRE1702,MS Fram,https://www.hurtigruten.com/destinations/greenland/the-ultimate-fjord-expedition-in-the-arctic/,2017-09-06,15 Days,7217 €,7217 €,8662 €,9745 €,12282 €
"The Untouched Beauty of Greenland, Newfoundland and Labrador",CENFRNAM1803,MS Fram,https://www.hurtigruten.com/destinations/north-america/the-untouched-beauty-of-greenland-newfoundland-and-labrador/,2018-09-22,17 Days,7229 €,7229 €,8595 €,9402 €,11641 €
The Treasures of Portugal,CENMSEUR1803,MS Midnatsol,https://www.hurtigruten.com/destinations/europe/the-treasures-of-portugal/,2018-09-17,11 Days,2625 €,2625 €,2703 €,3084 €,3873 €
Gems of the Atlantic Coast,CENFREUR1702,MS Fram,https://www.hurtigruten.com/destinations/europe/gems-of-the-atlantic-coast/,2017-09-21,9 Days,2263 €,2263 €,2717 €,3057 €,3853 €
From the Wilderness of Newfoundland and Labrador to the Magic of Iceland,CENFRNAM1802,MS Fram,https://www.hurtigruten.com/destinations/north-america/from-the-wilderness-of-newfoundland-and-labrador-to-the-magic-of-iceland/,2018-05-10,14 Days,3627 €,3627 €,4379 €,4824 €,6057 €
Midnight Sun Exploration to Thule,CENFRGRE1806,MS Fram,https://www.hurtigruten.com/destinations/greenland/midnight-sun-exploration-to-thule/,2018-08-14,17 Days,9952 €,9952 €,11229 €,12761 €,15654 €
Midnight Sun Exploration to Thule,CENFRGRE1805,MS Fram,https://www.hurtigruten.com/destinations/greenland/midnight-sun-exploration-to-thule/,2018-07-30,17 Days,9952 €,9952 €,11717 €,12761 €,15654 €
Expedition to Three Arctic Islands,CENFRGRE1701,MS Fram,https://www.hurtigruten.com/destinations/greenland/expedition-to-three-arctic-islands/,2017-08-24,14 Days,9129 €,9129 €,10823 €,12090 €,15060 €
Viking Journey through the North Atlantic,CENSPGRE1801,MS Spitsbergen,https://www.hurtigruten.com/destinations/greenland/viking-journey-through-the-north-atlantic/,2018-08-05,14 Days,8682 €,8682 €,9444 €,11042 €,14467 €
Coastal Gems of America - Southbound,CENFRNAM1804,MS Fram,https://www.hurtigruten.com/destinations/north-america/coastal-gems-of-america-southbound/,2018-10-08,13 Days,3516 €,3516 €,4245 €,4676 €,5871 €
"Thule, North and Beyond",CENSPGRE1702,MS Spitsbergen,https://www.hurtigruten.com/destinations/greenland/thule-north-and-beyond/,2017-08-06,16 Days,13777 €,,,13777 €,18410 €
The Treasures of Portugal,CENMSEUR1800A,MS Midnatsol,https://www.hurtigruten.com/destinations/europe/the-treasures-of-portugal/,2018-03-31,11 Days,2625 €,2625 €,2703 €,3084 €,3873 €
"The Elves, Sagas and Volcanoes of Iceland",CENFRICE1802,MS Fram,https://www.hurtigruten.com/destinations/iceland/the-elves-sagas-and-volcanoes-of-iceland-2018/,2018-06-03,12 Days,4812 €,4812 €,5534 €,6400 €,8036 €
From Mythical Iceland to Untouched Greenland ,CENFRGRE1801,MS Fram,https://www.hurtigruten.com/destinations/greenland/from-mythical-iceland-to-untouched-greenland/,2018-06-14,18 Days,6526 €,6526 €,7385 €,8416 €,10362 €
Discover the Heart of Greenland,CENFRGRE1804,MS Fram,https://www.hurtigruten.com/destinations/greenland/discover-the-heart-of-greenland/,2018-07-20,12 Days,4748 €,4748 €,5244 €,5838 €,6962 €
Island Hopping in the North Atlantic,CENSPGRE1703,MS Spitsbergen,https://www.hurtigruten.com/destinations/greenland/island-hopping-in-the-north-atlantic/,2017-08-20,14 Days,6680 €,6680 €,,8897 €,
"The Elves, Sagas and Volcanoes of Iceland",CENFRICE1801,MS Fram,https://www.hurtigruten.com/destinations/iceland/the-elves-sagas-and-volcanoes-of-iceland-2018/,2018-05-23,12 Days,4348 €,4348 €,5250 €,5783 €,7261 €
Discover the Heart of Greenland,CENFRGRE1803,MS Fram,https://www.hurtigruten.com/destinations/greenland/discover-the-heart-of-greenland/,2018-07-10,12 Days,5859 €,,5859 €,6307 €,7551 €
The Ultimate Svalbard Expedition,CENSPSPI1808,MS Spitsbergen,https://www.hurtigruten.com/destinations/svalbard/the-ultimate-svalbard-expedition/,2018-07-16,12 Days,7472 €,7472 €,8435 €,10104 €,12672 €
The Historic Sportsman's Route to Svalbard - Northbound,CENSPSPI1803,MS Spitsbergen,https://www.hurtigruten.com/destinations/svalbard/the-historic-sportsmans-route-to-svalbard-northbound/,2018-06-07,9 Days,3082 €,3082 €,3490 €,4061 €,5285 €
The Historic Sportsman's Route to Svalbard - Southbound ,CENSPSPI1802,MS Spitsbergen,https://www.hurtigruten.com/destinations/svalbard/the-historic-sportsmans-route-to-svalbard-southbound/,2018-05-29,10 Days,3247 €,3247 €,3631 €,4168 €,5318 €
The Ultimate Svalbard Expedition,CENSPSPI1809,MS Spitsbergen,https://www.hurtigruten.com/destinations/svalbard/the-ultimate-svalbard-expedition/,2018-07-26,12 Days,7754 €,7754 €,8759 €,10167 €,13182 €
New England’s Hidden Harbours and Coasts,CENFRNAM1801B,MS Fram,https://www.hurtigruten.com/destinations/north-america/new-englands-hidden-harbours-and-coasts/,2018-04-15,8 Days,1628 €,1628 €,1872 €,2165 €,2718 €
The Northwest Passage - In the Wake of Great Explorers - Eastbound,CENFRNWP1802,MS Fram,https://www.hurtigruten.com/destinations/northwest-passage/the-northwest-passage-in-the-wake-of-great-explorers-eastbound/,2018-09-09,15 Days,10924 €,10924 €,12781 €,13878 €,16923 €
A Taste of the Arctic: Northbound,UK8HRTABT,MS Polarlys,https://www.hurtigruten.com/destinations/norway/a-taste-of-the-arctic-northbound/,2017-12-06,6 Days,714 €,714 €,787 €,991 €,
A Taste of the Arctic: Northbound,UK8HRTABT,MS Nordlys,https://www.hurtigruten.com/destinations/norway/a-taste-of-the-arctic-northbound/,2017-12-03,6 Days,714 €,714 €,787 €,991 €,
The Secluded Islands and Bays of Eastern Canada,CENFRNAM1806,MS Fram,https://www.hurtigruten.com/destinations/north-america/the-secluded-islands-and-bays-of-eastern-canada/,2018-04-30,11 Days,3069 €,3069 €,3529 €,4082 €,5125 €
A Taste of the Arctic: Northbound,UK8HRTABT,MS Nordkapp,https://www.hurtigruten.com/destinations/norway/a-taste-of-the-arctic-northbound/,2017-12-15,6 Days,714 €,714 €,787 €,991 €,
A Taste of the Arctic: Northbound,UK8HRTABT,MS Nordnorge,https://www.hurtigruten.com/destinations/norway/a-taste-of-the-arctic-northbound/,2018-02-13,6 Days,714 €,714 €,787 €,,
A Taste of the Arctic: Northbound,UK8HRTABT,MS Nordlys,https://www.hurtigruten.com/destinations/norway/a-taste-of-the-arctic-northbound/,2018-02-18,6 Days,714 €,714 €,787 €,991 €,
A Taste of the Arctic: Northbound,UK8HRTABT,MS Kong Harald,https://www.hurtigruten.com/destinations/norway/a-taste-of-the-arctic-northbound/,2018-02-15,6 Days,714 €,714 €,787 €,991 €,
The Northwest Passage -  In the Wake of Great Explorers - Westbound,CENFRNWP1801,MS Fram,https://www.hurtigruten.com/destinations/northwest-passage/the-northwest-passage-in-the-wake-of-great-explorers-westbound/,2018-08-29,14 Days,10945 €,10945 €,12840 €,13959 €,
A Taste of the Arctic: Northbound,UK8HRTABT,MS Vesterålen,https://www.hurtigruten.com/destinations/norway/a-taste-of-the-arctic-northbound/,2018-02-22,6 Days,714 €,714 €,787 €,,
A Taste of the Arctic: Northbound,UK8HRTABT,MS Nordkapp,https://www.hurtigruten.com/destinations/norway/a-taste-of-the-arctic-northbound/,2018-02-19,6 Days,714 €,714 €,787 €,991 €,
Exploring Eastern Canada’s Coast,CENFRNAM1805,MS Fram,https://www.hurtigruten.com/destinations/north-america/exploring-eastern-canadas-coast/,2018-04-22,9 Days,2232 €,2232 €,2567 €,2969 €,3727 €
A Taste of the Arctic: Northbound,UK8HRTABT,MS Nordnorge,https://www.hurtigruten.com/destinations/norway/a-taste-of-the-arctic-northbound/,2017-12-09,6 Days,787 €,,787 €,991 €,
A Taste of the Arctic: Northbound,UK8HRTABT,MS Kong Harald,https://www.hurtigruten.com/destinations/norway/a-taste-of-the-arctic-northbound/,2017-12-11,6 Days,714 €,714 €,787 €,991 €,
Cultural highlights along Coastal Europe,CENMSEUR1802,MS Midnatsol,https://www.hurtigruten.com/destinations/europe/cultural-highlights-along-coastal-europe/,2018-09-09,9 Days,2137 €,2137 €,2201 €,2511 €,3153 €
The Gems of the Brazilian Coast,CENMSSOU1801,MS Midnatsol,https://www.hurtigruten.com/destinations/south-america/the-gems-of-the-brazillian-coast/,2018-10-08,15 Days,2987 €,2987 €,3076 €,3509 €,4407 €
Exploring the Land of the Inca,CENFRWOR1706,MS Fram,https://www.hurtigruten.com/destinations/south-america/exploring-the-land-of-the-inca/,2018-03-10,17 Days,4113 €,4113 €,4955 €,5551 €,6946 €
Mysteries and lost cultures of the Andean coast,CENFRSOU1801B,MS Fram,https://www.hurtigruten.com/destinations/south-america/mysteries-and-lost-cultures-of-the-andean-coast/,2018-11-10,10 Days,4019 €,4019 €,4369 €,4576 €,5149 €
Expedition to the Amazon Rainforest - Southbound,CENFRWOR1704,MS Fram,https://www.hurtigruten.com/destinations/south-america/expedition-to-the-amazon-rainforest-southbound/,2017-10-14,17 Days,3775 €,3775 €,4086 €,4980 €,6191 €
Inca Highlights Expedition,CENAMSOU1901A,MS Roald Amundsen,https://www.hurtigruten.com/destinations/south-america/inca-highlights-expedition/,2019-03-26,11 Days,4062 €,,4062 €,4494 €,4840 €
Spitsbergen and Polar Bears - An Arctic Adventure (A),CENNXSPI1802,Nordstjernen,https://www.hurtigruten.com/destinations/svalbard/spitsbergen-and-polar-bears-an-arctic-adventure-a/,2018-05-28,6 Days,1381 €,1381 €,2073 €,,
Spitsbergen and Polar Bears - An Arctic Adventure (A),CENNXSPI1802,Nordstjernen,https://www.hurtigruten.com/destinations/svalbard/spitsbergen-and-polar-bears-an-arctic-adventure-a/,2018-06-11,6 Days,1543 €,1543 €,2359 €,,
Spitsbergen and Polar Bears - An Arctic Adventure (A),CENNXSPI1802,Nordstjernen,https://www.hurtigruten.com/destinations/svalbard/spitsbergen-and-polar-bears-an-arctic-adventure-a/,2018-06-25,6 Days,1543 €,1543 €,2359 €,,
Spitsbergen and Polar Bears - An Arctic Adventure (A),CENNXSPI1802,Nordstjernen,https://www.hurtigruten.com/destinations/svalbard/spitsbergen-and-polar-bears-an-arctic-adventure-a/,2018-06-04,6 Days,1381 €,1381 €,2073 €,,
Expedition across the Arctic Sea,CENSPSPI1801,MS Spitsbergen,https://www.hurtigruten.com/destinations/svalbard/expedition-across-the-arctic-sea/,2018-05-19,12 Days,3810 €,3810 €,4327 €,5430 €,6603 €
Spitsbergen and Polar Bears - An Arctic Adventure,CENNXSPI1702,Nordstjernen,https://www.hurtigruten.com/destinations/svalbard/spitsbergen-and-polar-bears-an-arctic-adventure/,2017-09-11,6 Days,1837 €,1837 €,2625 €,,
Spitsbergen and Polar Bears - An Arctic Adventure (A),CENNXSPI1802,Nordstjernen,https://www.hurtigruten.com/destinations/svalbard/spitsbergen-and-polar-bears-an-arctic-adventure-a/,2018-05-21,6 Days,1381 €,1381 €,2073 €,,
Spitsbergen and Polar Bears - An Arctic Adventure,CENNXSPI1701,Nordstjernen,https://www.hurtigruten.com/destinations/svalbard/spitsbergen-and-polar-bears-an-arctic-adventure/,2017-08-31,6 Days,2500 €,2500 €,2900 €,,
Inca cultures and wildlife highlights of the Andean coast,CENFRSOU1901A,MS Fram,https://www.hurtigruten.com/destinations/south-america/inca-cultures-and-wildlife-highlights-of-the-andean-coast/,2019-03-19,10 Days,4019 €,4019 €,4272 €,4576 €,5149 €
Spitsbergen and Polar Bears - An Arctic Adventure,CENNXSPI1701,Nordstjernen,https://www.hurtigruten.com/destinations/svalbard/spitsbergen-and-polar-bears-an-arctic-adventure/,2017-08-03,6 Days,3413 €,,3413 €,,
Spitsbergen and Polar Bears - An Arctic Adventure,CENNXSPI1701,Nordstjernen,https://www.hurtigruten.com/destinations/svalbard/spitsbergen-and-polar-bears-an-arctic-adventure/,2017-08-24,6 Days,2500 €,2500 €,2763 €,,
From ancient Inca kingdoms to the Costa Rican rainforest,CENFRSOU1901B,MS Fram,https://www.hurtigruten.com/destinations/south-america/from-ancient-inca-kingdoms-to-the-costa-rican-rainforest/,2019-03-22,13 Days,4862 €,4862 €,5241 €,5696 €,6556 €
From ancient Inca kingdoms to the Costa Rican rainforest 2018,CENFRWOR1706B,MS Fram,https://www.hurtigruten.com/destinations/south-america/from-ancient-inca-kingdoms-to-the-costa-rican-rainforest-2018/,2018-03-14,13 Days,5053 €,5053 €,5615 €,6012 €,6943 €
From the Costa Rican rainforest to ancient Inca kingdoms,CENFRSOU1801A,MS Fram,https://www.hurtigruten.com/destinations/south-america/from-the-costa-rican-rainforest-to-ancient-inca-kingdoms/,2018-11-04,13 Days,4862 €,4862 €,5386 €,5696 €,6556 €
From Inca Mysteries to lush Costa Rica,CENAMSOU1901B,MS Roald Amundsen,https://www.hurtigruten.com/destinations/south-america/from-inca-mysteries-to-lush-costa-rica/,2019-03-30,12 Days,4310 €,,4310 €,4804 €,5199 €
Grand Arctic Circumnavigation,CENFRSPI1706,MS Fram,https://www.hurtigruten.com/destinations/svalbard/grand-arctic-circumnavigation/,2017-08-14,12 Days,10555 €,,,10555 €,13029 €
Grand Arctic Circumnavigation,CENFRSPI1706,MS Fram,https://www.hurtigruten.com/destinations/svalbard/grand-arctic-circumnavigation/,2017-08-04,12 Days,8087 €,8087 €,9498 €,10555 €,13770 €
Spitsbergen and Polar Bears - An Arctic Adventure (B),CENNXSPI1801,Nordstjernen,https://www.hurtigruten.com/destinations/svalbard/spitsbergen-and-polar-bears-an-arctic-adventure-b/,2018-07-26,6 Days,1543 €,1543 €,2465 €,,
Spitsbergen and Polar Bears - An Arctic Adventure (B),CENNXSPI1801,Nordstjernen,https://www.hurtigruten.com/destinations/svalbard/spitsbergen-and-polar-bears-an-arctic-adventure-b/,2018-07-19,6 Days,1543 €,1543 €,2465 €,,
Spitsbergen and Polar Bears - An Arctic Adventure,CENNXSPI1702,Nordstjernen,https://www.hurtigruten.com/destinations/svalbard/spitsbergen-and-polar-bears-an-arctic-adventure/,2017-09-04,6 Days,2362 €,2362 €,2625 €,,
Spitsbergen and Polar Bears - An Arctic Adventure (A),CENNXSPI1802,Nordstjernen,https://www.hurtigruten.com/destinations/svalbard/spitsbergen-and-polar-bears-an-arctic-adventure-a/,2018-07-23,6 Days,1543 €,1543 €,2359 €,,
Spitsbergen and Polar Bears - An Arctic Adventure (A),CENNXSPI1802,Nordstjernen,https://www.hurtigruten.com/destinations/svalbard/spitsbergen-and-polar-bears-an-arctic-adventure-a/,2018-07-02,6 Days,1543 €,1543 €,2359 €,,
The Complete Spitsbergen Expedition,CENSPSPI1805,MS Spitsbergen,https://www.hurtigruten.com/destinations/svalbard/the-complete-spitsbergen-expedition/,2018-06-22,10 Days,5906 €,5906 €,6634 €,7653 €,9838 €
Spitsbergen and Polar Bears - An Arctic Adventure (A),CENNXSPI1802,Nordstjernen,https://www.hurtigruten.com/destinations/svalbard/spitsbergen-and-polar-bears-an-arctic-adventure-a/,2018-07-09,6 Days,1543 €,1543 €,2359 €,,
Spitsbergen and Polar Bears - An Arctic Adventure,CENNXSPI1702,Nordstjernen,https://www.hurtigruten.com/destinations/svalbard/spitsbergen-and-polar-bears-an-arctic-adventure/,2017-08-21,6 Days,2500 €,2500 €,2900 €,,
Spitsbergen and Polar Bears - An Arctic Adventure (A),CENNXSPI1802,Nordstjernen,https://www.hurtigruten.com/destinations/svalbard/spitsbergen-and-polar-bears-an-arctic-adventure-a/,2018-07-16,6 Days,1543 €,1543 €,2359 €,,
Spitsbergen and Polar Bears - An Arctic Adventure (A),CENNXSPI1802,Nordstjernen,https://www.hurtigruten.com/destinations/svalbard/spitsbergen-and-polar-bears-an-arctic-adventure-a/,2018-06-18,6 Days,1543 €,1543 €,2359 €,,
The Complete Spitsbergen Expedition,CENSPSPI1806,MS Spitsbergen,https://www.hurtigruten.com/destinations/svalbard/the-complete-spitsbergen-expedition/,2018-06-30,10 Days,5906 €,5906 €,6634 €,7653 €,9838 €
Norwegian Coastal Expeditions: Southbound,CENEXPKB,MS Nordnorge,https://www.hurtigruten.com/destinations/norway/norwegian-coastal-expeditions-kirkenes-bergen/,2017-07-25,6 Days,1699 €,,,1699 €,4103 €
Spitsbergen and Polar Bears - An Arctic Adventure,CENNXSPI1702,Nordstjernen,https://www.hurtigruten.com/destinations/svalbard/spitsbergen-and-polar-bears-an-arctic-adventure/,2017-07-31,6 Days,2062 €,2062 €,3200 €,,
Wildlife in South Georgia and Icy Antarctica,CENFRWOR1705,MS Fram,https://www.hurtigruten.com/destinations/south-america/wildlife-in-the-south-atlantic-ocean/,2017-10-29,18 Days,6147 €,6147 €,7361 €,8128 €,12701 €
Andean Coast contrasts from Desert to Jungles,CENAMSOU1901,MS Roald Amundsen,https://www.hurtigruten.com/destinations/south-america/andean-coast-contrasts-from-desert-to-jungles/,2019-03-26,16 Days,3368 €,,3368 €,4210 €,4884 €
The Complete Spitsbergen Expedition,CENSPSPI1804,MS Spitsbergen,https://www.hurtigruten.com/destinations/svalbard/the-complete-spitsbergen-expedition/,2018-06-14,10 Days,5906 €,5906 €,6634 €,7653 €,9838 €
Spitsbergen and Polar Bears - An Arctic Adventure (B),CENNXSPI1801,Nordstjernen,https://www.hurtigruten.com/destinations/svalbard/spitsbergen-and-polar-bears-an-arctic-adventure-b/,2018-06-28,6 Days,1543 €,1543 €,2465 €,,
Andean Coast expedition to Panama Canal - Northbound,CENFRSOU1901,MS Fram,https://www.hurtigruten.com/destinations/south-america/andean-coast-expedition-to-panama-canal-northbound/,2019-03-19,16 Days,3830 €,3830 €,4405 €,5094 €,6397 €
Spitsbergen and Polar Bears - An Arctic Adventure (B),CENNXSPI1801,Nordstjernen,https://www.hurtigruten.com/destinations/svalbard/spitsbergen-and-polar-bears-an-arctic-adventure-b/,2018-06-21,6 Days,1543 €,1543 €,2465 €,,
Spitsbergen and Polar Bears - An Arctic Adventure (B),CENNXSPI1801,Nordstjernen,https://www.hurtigruten.com/destinations/svalbard/spitsbergen-and-polar-bears-an-arctic-adventure-b/,2018-06-14,6 Days,1543 €,1543 €,2465 €,,
Norwegian Coastal Expeditions: Southbound,CENEXPKB,MS Richard With,https://www.hurtigruten.com/destinations/norway/norwegian-coastal-expeditions-kirkenes-bergen/,2017-07-24,6 Days,1699 €,,,1699 €,3885 €
Spitsbergen and Polar Bears - An Arctic Adventure (B),CENNXSPI1801,Nordstjernen,https://www.hurtigruten.com/destinations/svalbard/spitsbergen-and-polar-bears-an-arctic-adventure-b/,2018-07-05,6 Days,1543 €,1543 €,2465 €,,
Spitsbergen and Polar Bears - An Arctic Adventure (B),CENNXSPI1801,Nordstjernen,https://www.hurtigruten.com/destinations/svalbard/spitsbergen-and-polar-bears-an-arctic-adventure-b/,2018-06-07,6 Days,1612 €,1612 €,2179 €,,
Spitsbergen and Polar Bears - An Arctic Adventure (B),CENNXSPI1801,Nordstjernen,https://www.hurtigruten.com/destinations/svalbard/spitsbergen-and-polar-bears-an-arctic-adventure-b/,2018-07-12,6 Days,1543 €,1543 €,2465 €,,
Spitsbergen and Polar Bears - An Arctic Adventure (B),CENNXSPI1801,Nordstjernen,https://www.hurtigruten.com/destinations/svalbard/spitsbergen-and-polar-bears-an-arctic-adventure-b/,2018-05-24,6 Days,1381 €,1381 €,2179 €,,
Andean Coast expedition to Panama Canal - Southbound,CENFRSOU1801,MS Fram,https://www.hurtigruten.com/destinations/south-america/andean-coast-expedition-to-panama-canal-southbound/,2018-11-04,16 Days,3830 €,3830 €,4625 €,5094 €,6397 €
Spitsbergen and Polar Bears - An Arctic Adventure (B),CENNXSPI1801,Nordstjernen,https://www.hurtigruten.com/destinations/svalbard/spitsbergen-and-polar-bears-an-arctic-adventure-b/,2018-05-31,6 Days,1381 €,1381 €,2179 €,,
Norwegian Coastal Expeditions: Southbound,CENEXPKB,MS Kong Harald,https://www.hurtigruten.com/destinations/norway/norwegian-coastal-expeditions-kirkenes-bergen/,2017-08-07,6 Days,4608 €,,,,4608 €
Norwegian Coastal Expeditions: Southbound,CENEXPKB,MS Kong Harald,https://www.hurtigruten.com/destinations/norway/norwegian-coastal-expeditions-kirkenes-bergen/,2017-07-27,6 Days,4883 €,,,,4883 €
Norwegian Coastal Expeditions: Southbound,CENEXPKB,MS Nordlys,https://www.hurtigruten.com/destinations/norway/norwegian-coastal-expeditions-kirkenes-bergen/,2017-07-30,6 Days,1699 €,,1851 €,1699 €,3885 €
Norwegian Coastal Expeditions: Southbound,CENEXPKB,MS Nordnorge,https://www.hurtigruten.com/destinations/norway/norwegian-coastal-expeditions-kirkenes-bergen/,2017-08-05,6 Days,3392 €,,,3392 €,3866 €
Norwegian Coastal Expeditions: Southbound,CENEXPKB,MS Polarlys,https://www.hurtigruten.com/destinations/norway/norwegian-coastal-expeditions-kirkenes-bergen/,2017-08-02,6 Days,3907 €,,,,3907 €
Norwegian Coastal Expeditions: Southbound,CENEXPKB,MS Richard With,https://www.hurtigruten.com/destinations/norway/norwegian-coastal-expeditions-kirkenes-bergen/,2017-08-04,6 Days,999 €,999 €,,1599 €,3784 €
Norwegian Coastal Expeditions: Southbound,CENEXPKB,MS Nordlys,https://www.hurtigruten.com/destinations/norway/norwegian-coastal-expeditions-kirkenes-bergen/,2017-08-10,6 Days,999 €,999 €,1199 €,1599 €,3537 €
Cultural Sailings: Southbound,CENCULKB17,MS Trollfjord,https://www.hurtigruten.com/destinations/norway/cultural-sailings-kirkenes-bergen/,2017-11-13,6 Days,772 €,772 €,850 €,1102 €,2199 €
Cultural Sailings: Southbound,CENCULKB17,MS Finnmarken,https://www.hurtigruten.com/destinations/norway/cultural-sailings-kirkenes-bergen/,2017-10-28,6 Days,845 €,845 €,927 €,1166 €,1749 €
Cultural Sailings: Southbound,CENCULKB17,MS Finnmarken,https://www.hurtigruten.com/destinations/norway/cultural-sailings-kirkenes-bergen/,2017-11-08,6 Days,772 €,772 €,850 €,1102 €,1921 €
Cultural Sailings: Southbound,CENCULKB17,MS Trollfjord,https://www.hurtigruten.com/destinations/norway/cultural-sailings-kirkenes-bergen/,2017-11-02,6 Days,772 €,772 €,850 €,1102 €,1921 €
Cultural Sailings: Northbound,CENCULBK18,MS Trollfjord,https://www.hurtigruten.com/destinations/norway/cultural-sailings-bergen-kirkenes/,2018-05-13,7 Days,1401 €,1401 €,1630 €,2143 €,3587 €
Cultural Sailings: Northbound,CENCULBK18,MS Finnmarken,https://www.hurtigruten.com/destinations/norway/cultural-sailings-bergen-kirkenes/,2018-05-08,7 Days,1401 €,1401 €,1630 €,2143 €,3587 €
Cultural Sailings: Northbound,CENCULBK18,MS Finnmarken,https://www.hurtigruten.com/destinations/norway/cultural-sailings-bergen-kirkenes/,2018-04-27,7 Days,1160 €,1160 €,1345 €,1759 €,3172 €
Cultural Sailings: Northbound,CENCULBK18,MS Finnmarken,https://www.hurtigruten.com/destinations/norway/cultural-sailings-bergen-kirkenes/,2018-04-05,7 Days,1046 €,1046 €,1210 €,1577 €,2743 €
Cultural Sailings: Southbound,CENCULKB17,MS Finnmarken,https://www.hurtigruten.com/destinations/norway/cultural-sailings-kirkenes-bergen/,2017-10-17,6 Days,865 €,865 €,949 €,1194 €,
Cultural Sailings: Northbound,CENCULBK18,MS Trollfjord,https://www.hurtigruten.com/destinations/norway/cultural-sailings-bergen-kirkenes/,2018-05-24,7 Days,1767 €,1767 €,2063 €,2693 €,3936 €
Cultural Sailings: Southbound,CENCULKB17,MS Trollfjord,https://www.hurtigruten.com/destinations/norway/cultural-sailings-kirkenes-bergen/,2017-10-22,6 Days,944 €,944 €,1037 €,1308 €,1969 €
"Cultural Sailings - A Voyage through Norway's History, Music and Art ",CENCULBKB17,MS Finnmarken,https://www.hurtigruten.com/destinations/norway/cultural-sailings-bergen-kirkenes-bergen/,2017-10-11,12 Days,1815 €,,1815 €,2318 €,
Cultural Sailings: Southbound,CENCULKB18,MS Trollfjord,https://www.hurtigruten.com/destinations/norway/cultural-sailings-kirkenes-bergen/,2018-04-16,6 Days,1078 €,1078 €,1247 €,1627 €,2926 €
"Cultural Sailings - A Voyage through Norway's History, Music and Art ",CENCULBKB18,MS Trollfjord,https://www.hurtigruten.com/destinations/norway/cultural-sailings-bergen-kirkenes-bergen/,2018-05-24,12 Days,2604 €,2604 €,3068 €,4013 €,6665 €
Cultural Sailings: Southbound,CENCULKB18,MS Finnmarken,https://www.hurtigruten.com/destinations/norway/cultural-sailings-kirkenes-bergen/,2018-04-11,6 Days,973 €,973 €,1123 €,1460 €,2532 €
Cultural Sailings: Southbound,CENCULKB18,MS Finnmarken,https://www.hurtigruten.com/destinations/norway/cultural-sailings-kirkenes-bergen/,2018-05-03,6 Days,1244 €,1244 €,1444 €,1893 €,3156 €
Cultural Sailings: Southbound,CENCULKB18,MS Trollfjord,https://www.hurtigruten.com/destinations/norway/cultural-sailings-kirkenes-bergen/,2018-04-27,6 Days,1078 €,1078 €,1247 €,1627 €,2926 €
Cultural Sailings: Southbound,CENCULKB18,MS Finnmarken,https://www.hurtigruten.com/destinations/norway/cultural-sailings-kirkenes-bergen/,2018-04-22,6 Days,1078 €,1078 €,1247 €,1627 €,2926 €
"Cultural Sailings - A Voyage through Norway's History, Music and Art ",CENCULBKB17,MS Finnmarken,https://www.hurtigruten.com/destinations/norway/cultural-sailings-bergen-kirkenes-bergen/,2017-11-02,12 Days,1378 €,1378 €,1524 €,2010 €,3671 €
"Cultural Sailings - A Voyage through Norway's History, Music and Art ",CENCULBKB17,MS Finnmarken,https://www.hurtigruten.com/destinations/norway/cultural-sailings-bergen-kirkenes-bergen/,2017-10-22,12 Days,1506 €,1506 €,1658 €,2117 €,
"Cultural Sailings - A Voyage through Norway's History, Music and Art ",CENCULBKB17,MS Trollfjord,https://www.hurtigruten.com/destinations/norway/cultural-sailings-bergen-kirkenes-bergen/,2017-11-07,12 Days,1378 €,1378 €,1524 €,2010 €,
"Cultural Sailings - A Voyage through Norway's History, Music and Art ",CENCULBKB18,MS Trollfjord,https://www.hurtigruten.com/destinations/norway/cultural-sailings-bergen-kirkenes-bergen/,2018-05-02,12 Days,2167 €,2167 €,2544 €,3375 €,6333 €
Cultural Sailings: Discovery Voyage,CENCULBKT18,MS Finnmarken,https://www.hurtigruten.com/destinations/norway/cultural-sailings-bergen-kirkenes-trondheim/,2018-05-19,11 Days,2604 €,2604 €,3068 €,4013 €,6665 €
Cultural Sailings: Northbound,CENCULBK17,MS Finnmarken,https://www.hurtigruten.com/destinations/norway/cultural-sailings-bergen-kirkenes/,2017-10-11,7 Days,1180 €,,1180 €,1487 €,2254 €
Cultural Sailings: Northbound,CENCULBK17,MS Trollfjord,https://www.hurtigruten.com/destinations/norway/cultural-sailings-bergen-kirkenes/,2017-10-16,7 Days,1090 €,1090 €,1199 €,1517 €,
Cultural Sailings: Discovery Voyage,CENCULBKT18,MS Trollfjord,https://www.hurtigruten.com/destinations/norway/cultural-sailings-bergen-kirkenes-trondheim/,2018-05-24,11 Days,2604 €,2604 €,3068 €,4013 €,6665 €
"Cultural Sailings - A Voyage through Norway's History, Music and Art ",CENCULBKB18,MS Trollfjord,https://www.hurtigruten.com/destinations/norway/cultural-sailings-bergen-kirkenes-bergen/,2018-04-21,12 Days,1883 €,1883 €,2202 €,2906 €,5912 €
"Cultural Sailings - A Voyage through Norway's History, Music and Art ",CENCULBKB18,MS Finnmarken,https://www.hurtigruten.com/destinations/norway/cultural-sailings-bergen-kirkenes-bergen/,2018-04-16,12 Days,1883 €,1883 €,2202 €,2906 €,5912 €
Cultural Sailings: Discovery Voyage,CENCULBKT18,MS Finnmarken,https://www.hurtigruten.com/destinations/norway/cultural-sailings-bergen-kirkenes-trondheim/,2018-05-08,11 Days,2167 €,2167 €,2544 €,3375 €,6333 €
"Cultural Sailings - A Voyage through Norway's History, Music and Art ",CENCULBKB18,MS Trollfjord,https://www.hurtigruten.com/destinations/norway/cultural-sailings-bergen-kirkenes-bergen/,2018-05-13,12 Days,2167 €,2167 €,2544 €,3375 €,6333 €
Cultural Sailings: Discovery Voyage,CENCULBKT17,MS Trollfjord,https://www.hurtigruten.com/destinations/norway/cultural-sailings-bergen-kirkenes-trondheim/,2017-11-07,11 Days,1378 €,1378 €,1524 €,2010 €,
Cultural Sailings: Discovery Voyage,CENCULBKT17,MS Finnmarken,https://www.hurtigruten.com/destinations/norway/cultural-sailings-bergen-kirkenes-trondheim/,2017-11-02,11 Days,1378 €,1378 €,1524 €,2010 €,3671 €
Cultural Sailings: Discovery Voyage,CENCULBKT17,MS Trollfjord,https://www.hurtigruten.com/destinations/norway/cultural-sailings-bergen-kirkenes-trondheim/,2017-10-27,11 Days,1473 €,1473 €,1620 €,2067 €,4492 €
Cultural Sailings: Discovery Voyage,CENCULBKT17,MS Finnmarken,https://www.hurtigruten.com/destinations/norway/cultural-sailings-bergen-kirkenes-trondheim/,2017-10-22,11 Days,1506 €,1506 €,1658 €,2117 €,
Cultural Sailings: Discovery Voyage,CENCULBKT17,MS Trollfjord,https://www.hurtigruten.com/destinations/norway/cultural-sailings-bergen-kirkenes-trondheim/,2017-10-16,11 Days,1710 €,1710 €,1886 €,2416 €,
Cultural Sailings: Northbound,CENCULBK17,MS Finnmarken,https://www.hurtigruten.com/destinations/norway/cultural-sailings-bergen-kirkenes/,2017-10-22,7 Days,979 €,979 €,1076 €,1357 €,
"Cultural Sailings - A Voyage through Norway's History, Music and Art ",CENCULBKB18,MS Finnmarken,https://www.hurtigruten.com/destinations/norway/cultural-sailings-bergen-kirkenes-bergen/,2018-04-05,12 Days,1704 €,1704 €,1987 €,2612 €,4877 €
Cultural Sailings: Northbound,CENCULBK17,MS Trollfjord,https://www.hurtigruten.com/destinations/norway/cultural-sailings-bergen-kirkenes/,2017-11-07,7 Days,851 €,851 €,939 €,1220 €,
Cultural Sailings: Northbound,CENCULBK17,MS Finnmarken,https://www.hurtigruten.com/destinations/norway/cultural-sailings-bergen-kirkenes/,2017-11-02,7 Days,851 €,851 €,939 €,1220 €,2135 €
Cultural Sailings: Discovery Voyage,CENCULBKT18,MS Finnmarken,https://www.hurtigruten.com/destinations/norway/cultural-sailings-bergen-kirkenes-trondheim/,2018-04-05,11 Days,1704 €,1704 €,1987 €,2612 €,4877 €
Cultural Sailings: Discovery Voyage,CENCULBKT18,MS Trollfjord,https://www.hurtigruten.com/destinations/norway/cultural-sailings-bergen-kirkenes-trondheim/,2018-04-10,11 Days,1704 €,1704 €,1987 €,2612 €,4877 €
Cultural Sailings: Discovery Voyage,CENCULBKT18,MS Finnmarken,https://www.hurtigruten.com/destinations/norway/cultural-sailings-bergen-kirkenes-trondheim/,2018-04-16,11 Days,1883 €,1883 €,2202 €,2906 €,5912 €
Cultural Sailings: Discovery Voyage,CENCULBKT18,MS Finnmarken,https://www.hurtigruten.com/destinations/norway/cultural-sailings-bergen-kirkenes-trondheim/,2018-04-27,11 Days,1883 €,1883 €,2202 €,2906 €,5912 €
Cultural Sailings: Discovery Voyage,CENCULBKT17,MS Finnmarken,https://www.hurtigruten.com/destinations/norway/cultural-sailings-bergen-kirkenes-trondheim/,2017-10-11,11 Days,1815 €,,1815 €,2318 €,
Norwegian Coastal Expeditions,CENEXPBKB,MS Richard With,https://www.hurtigruten.com/destinations/norway/norwegian-coastal-expeditions-bergen-kirkenes-bergen/,2017-08-09,12 Days,7692 €,,,,7692 €
Norwegian Coastal Expeditions,CENEXPBKB,MS Nordlys,https://www.hurtigruten.com/destinations/norway/norwegian-coastal-expeditions-bergen-kirkenes-bergen/,2017-08-04,12 Days,9281 €,,,,9281 €
Norwegian Coastal Expeditions,CENEXPBKB,MS Kong Harald,https://www.hurtigruten.com/destinations/norway/norwegian-coastal-expeditions-bergen-kirkenes-bergen/,2017-08-01,12 Days,9483 €,,,,9483 €
Norwegian Coastal Expeditions,CENEXPBKB,MS Nordnorge,https://www.hurtigruten.com/destinations/norway/norwegian-coastal-expeditions-bergen-kirkenes-bergen/,2017-07-30,12 Days,7242 €,,,7242 €,8319 €
Norwegian Coastal Expeditions,CENEXPBKB,MS Richard With,https://www.hurtigruten.com/destinations/norway/norwegian-coastal-expeditions-bergen-kirkenes-bergen/,2017-07-29,12 Days,2655 €,2655 €,,4594 €,7877 €
Norwegian Coastal Expeditions,CENEXPBKB,MS Polarlys,https://www.hurtigruten.com/destinations/norway/norwegian-coastal-expeditions-bergen-kirkenes-bergen/,2017-07-27,12 Days,8408 €,,,,8408 €
Norwegian Coastal Expeditions,CENEXPBKB,MS Nordlys,https://www.hurtigruten.com/destinations/norway/norwegian-coastal-expeditions-bergen-kirkenes-bergen/,2017-07-24,12 Days,8142 €,,,,8142 €
Norwegian Coast and Spitsbergen Adventure,CENHRSPI17,MS Nordnorge,https://www.hurtigruten.com/destinations/norway/norwegian-coast-and-spitsbergen-adventure/,2017-07-30,9 Days,2004 €,,2004 €,,
Norwegian Coast and Spitsbergen Adventure,CENHRSPI17,MS Richard With,https://www.hurtigruten.com/destinations/norway/norwegian-coast-and-spitsbergen-adventure/,2017-07-29,9 Days,1724 €,1724 €,1839 €,2180 €,
Norwegian Coastal Expeditions: Northbound,CENEXPBK,MS Kong Harald,https://www.hurtigruten.com/destinations/norway/norwegian-coastal-expeditions-bergen-kirkenes/,2017-08-01,7 Days,5679 €,,,,5679 €
Norwegian Coastal Expeditions: Northbound,CENEXPBK,MS Nordnorge,https://www.hurtigruten.com/destinations/norway/norwegian-coastal-expeditions-bergen-kirkenes/,2017-07-30,7 Days,2410 €,,2410 €,4477 €,5056 €
Norwegian Coastal Expeditions: Northbound,CENEXPBK,MS Richard With,https://www.hurtigruten.com/destinations/norway/norwegian-coastal-expeditions-bergen-kirkenes/,2017-07-29,7 Days,1599 €,1599 €,1799 €,2199 €,4787 €
Norwegian Coastal Expeditions: Northbound,CENEXPBK,MS Polarlys,https://www.hurtigruten.com/destinations/norway/norwegian-coastal-expeditions-bergen-kirkenes/,2017-07-27,7 Days,2199 €,,2435 €,2199 €,5110 €
Norwegian Coastal Expeditions: Northbound,CENEXPBK,MS Nordkapp,https://www.hurtigruten.com/destinations/norway/norwegian-coastal-expeditions-bergen-kirkenes/,2017-07-25,7 Days,5056 €,,,,5056 €
Norwegian Coastal Expeditions - Discovery Voyage ,CENEXPBKT,MS Richard With,https://www.hurtigruten.com/destinations/norway/norwegian-coastal-expeditions-bergen-kirkenes-trondheim/,2017-08-09,11 Days,7692 €,,,,7692 €
Norwegian Coastal Expeditions - Discovery Voyage ,CENEXPBKT,MS Nordnorge,https://www.hurtigruten.com/destinations/norway/norwegian-coastal-expeditions-bergen-kirkenes-trondheim/,2017-07-30,11 Days,7242 €,,,7242 €,8319 €
Norwegian Coastal Expeditions - Discovery Voyage ,CENEXPBKT,MS Polarlys,https://www.hurtigruten.com/destinations/norway/norwegian-coastal-expeditions-bergen-kirkenes-trondheim/,2017-07-27,11 Days,8408 €,,,,8408 €
Norwegian Coastal Expeditions: Northbound,CENEXPBK,MS Nordlys,https://www.hurtigruten.com/destinations/norway/norwegian-coastal-expeditions-bergen-kirkenes/,2017-07-24,7 Days,5056 €,,,,5056 €
Norwegian Coastal Expeditions - Discovery Voyage ,CENEXPBKT,MS Richard With,https://www.hurtigruten.com/destinations/norway/norwegian-coastal-expeditions-bergen-kirkenes-trondheim/,2017-07-29,11 Days,2744 €,2744 €,,4748 €,8142 €
Norwegian Coastal Expeditions - Discovery Voyage ,CENEXPBKT,MS Kong Harald,https://www.hurtigruten.com/destinations/norway/norwegian-coastal-expeditions-bergen-kirkenes-trondheim/,2017-08-01,11 Days,9483 €,,,,9483 €
Norwegian Coastal Expeditions - Discovery Voyage ,CENEXPBKT,MS Nordlys,https://www.hurtigruten.com/destinations/norway/norwegian-coastal-expeditions-bergen-kirkenes-trondheim/,2017-07-24,11 Days,8319 €,,,,8319 €
Cultural Sailings: Southbound,CENCULKB18,MS Trollfjord,https://www.hurtigruten.com/destinations/norway/cultural-sailings-kirkenes-bergen/,2018-05-30,6 Days,1500 €,1500 €,1747 €,2273 €,3311 €
Cultural Sailings: Southbound,CENCULKB18,MS Finnmarken,https://www.hurtigruten.com/destinations/norway/cultural-sailings-kirkenes-bergen/,2018-05-25,6 Days,1500 €,1500 €,1747 €,2273 €,3311 €
Norwegian Coastal Expeditions: Northbound,CENEXPBK,MS Nordlys,https://www.hurtigruten.com/destinations/norway/norwegian-coastal-expeditions-bergen-kirkenes/,2017-08-04,7 Days,5679 €,,,,5679 €
Norwegian Coastal Expeditions: Northbound,CENEXPBK,MS Richard With,https://www.hurtigruten.com/destinations/norway/norwegian-coastal-expeditions-bergen-kirkenes/,2017-08-09,7 Days,4663 €,,,,4663 €
Cultural Sailings: Southbound,CENCULKB18,MS Finnmarken,https://www.hurtigruten.com/destinations/norway/cultural-sailings-kirkenes-bergen/,2018-05-14,6 Days,1244 €,1244 €,1444 €,1893 €,3156 €
Cultural Sailings: Southbound,CENCULKB18,MS Trollfjord,https://www.hurtigruten.com/destinations/norway/cultural-sailings-kirkenes-bergen/,2018-05-08,6 Days,1244 €,1244 €,1444 €,1893 €,3156 €
Astronomy Voyage,UKHRAS19,MS Finnmarken,https://www.hurtigruten.com/destinations/norway/astronomy-voyage/,2019-03-01,12 Days,2107 €,2107 €,2290 €,2584 €,
Astronomy Voyage,UKHRAS19,MS Trollfjord,https://www.hurtigruten.com/destinations/norway/astronomy-voyage/,2019-03-28,12 Days,2107 €,2107 €,2290 €,2584 €,
Astronomy Voyage,UKHRAS17,MS Trollfjord,https://www.hurtigruten.com/destinations/norway/astronomy-voyage/,2017-10-16,12 Days,2128 €,2128 €,2320 €,,
Astronomy Voyage,UKHRAS17,MS Finnmarken,https://www.hurtigruten.com/destinations/norway/astronomy-voyage/,2017-11-13,12 Days,1797 €,1797 €,1955 €,,
Astronomy Voyage,UKHRAS17,MS Trollfjord,https://www.hurtigruten.com/destinations/norway/astronomy-voyage/,2017-11-07,12 Days,1760 €,1760 €,1913 €,2434 €,
Astronomy Voyage,UKHRAS19,MS Finnmarken,https://www.hurtigruten.com/destinations/norway/astronomy-voyage/,2018-10-31,12 Days,1969 €,1969 €,2138 €,2469 €,
Astronomy Voyage,UKHRAS19,MS Finnmarken,https://www.hurtigruten.com/destinations/norway/astronomy-voyage/,2018-12-03,12 Days,1964 €,,1964 €,2334 €,
Astronomy Voyage,UKHRAS17,MS Trollfjord,https://www.hurtigruten.com/destinations/norway/astronomy-voyage/,2018-01-12,12 Days,1750 €,1750 €,1902 €,,
Astronomy Voyage,UKHRAS19,MS Trollfjord,https://www.hurtigruten.com/destinations/norway/astronomy-voyage/,2018-10-03,12 Days,2096 €,2096 €,2278 €,2611 €,
Astronomy Voyage,UKHRAS17,MS Trollfjord,https://www.hurtigruten.com/destinations/norway/astronomy-voyage/,2018-02-14,12 Days,1972 €,1972 €,2148 €,,
Astronomy Voyage,UKHRAS17,MS Trollfjord,https://www.hurtigruten.com/destinations/norway/astronomy-voyage/,2018-03-08,12 Days,1930 €,1930 €,2101 €,2375 €,
Astronomy Voyage,UKHRAS19,MS Trollfjord,https://www.hurtigruten.com/destinations/norway/astronomy-voyage/,2019-02-01,12 Days,2107 €,2107 €,2290 €,2584 €,
Astronomy Voyage,UKHRAS19,MS Trollfjord,https://www.hurtigruten.com/destinations/norway/astronomy-voyage/,2018-12-30,12 Days,2341 €,2341 €,2548 €,2928 €,
"Exploration of the Caribbean’s Cayes, Coves and Reefs - Northbound",CENFRCAR1901,MS Fram,https://www.hurtigruten.com/destinations/caribbean-and-central-america/exploration-of-the-caribbeans-cayes-coves-and-reefs-northbound/,2019-04-03,15 Days,2929 €,2929 €,3369 €,3896 €,4892 €
"The Ultimate Expedition to Antarctica, Falklands and South Georgia",CENFRANT1901,MS Fram,https://www.hurtigruten.com/destinations/antarctica/the-ultimate-expedition-to-antarctica-falklands-and-south-georgia/,2019-01-17,23 Days,10631 €,10631 €,12578 €,13730 €,16922 €
Journey Across the Atlantic,CENMSCRO1802,MS Midnatsol,https://www.hurtigruten.com/destinations/crossing-the-atlantic/journey-across-atlantic-2018/,2018-09-27,12 Days,880 €,880 €,907 €,1034 €,1299 €
A Taste of the Arctic: Southbound ,UK8HRTATB,MS Nordnorge,https://www.hurtigruten.com/destinations/norway/a-taste-of-the-arctic-southbound/,2018-03-03,5 Days,550 €,550 €,609 €,766 €,
"The Ultimate Expedition to Antarctica, Falklands and South Georgia",CENFRANT1803,MS Fram,https://www.hurtigruten.com/destinations/antarctica/the-ultimate-expedition-to-antarctica-falklands-and-south-georgia/,2018-12-27,23 Days,10631 €,10631 €,12578 €,13730 €,16922 €
"The Ultimate Expedition to Antarctica, Falklands and South Georgia",CENFRANT1902,MS Fram,https://www.hurtigruten.com/destinations/antarctica/the-ultimate-expedition-to-antarctica-falklands-and-south-georgia/,2019-02-07,23 Days,12578 €,,12578 €,13730 €,16922 €
"Exploration of the Caribbean’s Cayes, Coves and Reefs - Northbound",CENFRCAR1801,MS Fram,https://www.hurtigruten.com/destinations/caribbean-and-central-america/exploration-of-the-caribbeans-cayes-coves-and-reefs-northbound/,2018-03-25,15 Days,2929 €,2929 €,3537 €,3896 €,4892 €
A Taste of the Arctic: Southbound ,UK8HRTATB,MS Kong Harald,https://www.hurtigruten.com/destinations/norway/a-taste-of-the-arctic-southbound/,2017-12-18,5 Days,550 €,550 €,609 €,766 €,
A Taste of the Arctic: Southbound ,UK8HRTATB,MS Nordnorge,https://www.hurtigruten.com/destinations/norway/a-taste-of-the-arctic-southbound/,2017-12-16,5 Days,609 €,,609 €,766 €,
A Taste of the Arctic: Southbound ,UK8HRTATB,MS Nordkapp,https://www.hurtigruten.com/destinations/norway/a-taste-of-the-arctic-southbound/,2018-02-26,5 Days,550 €,550 €,609 €,766 €,
A Taste of the Arctic: Southbound ,UK8HRTATB,MS Kong Harald,https://www.hurtigruten.com/destinations/norway/a-taste-of-the-arctic-southbound/,2018-02-22,5 Days,550 €,550 €,609 €,766 €,
A Taste of the Arctic: Southbound ,UK8HRTATB,MS Nordnorge,https://www.hurtigruten.com/destinations/norway/a-taste-of-the-arctic-southbound/,2018-02-20,5 Days,550 €,550 €,609 €,766 €,
A Taste of the Arctic: Southbound ,UK8HRTATB,MS Nordlys,https://www.hurtigruten.com/destinations/norway/a-taste-of-the-arctic-southbound/,2018-02-25,5 Days,550 €,550 €,609 €,766 €,
A Taste of the Arctic: Southbound ,UK8HRTATB,MS Vesterålen,https://www.hurtigruten.com/destinations/norway/a-taste-of-the-arctic-southbound/,2018-03-01,5 Days,550 €,550 €,609 €,,
A Taste of the Arctic: Southbound ,UK8HRTATB,MS Polarlys,https://www.hurtigruten.com/destinations/norway/a-taste-of-the-arctic-southbound/,2017-12-13,5 Days,550 €,550 €,609 €,766 €,
The Frozen Land of the Penguins,CENFRANT1701,MS Fram,https://www.hurtigruten.com/destinations/antarctica/the-frozen-land-of-the-penguins/,2018-01-13,14 Days,7928 €,7928 €,9276 €,10286 €,12650 €
White Christmas in Antarctica,CENFRANT1703,MS Fram,https://www.hurtigruten.com/destinations/antarctica/white-christmas-in-antarctica/,2017-12-14,20 Days,10938 €,10938 €,13029 €,14507 €,
The Frozen Land of the Penguins,CENFRANT1701,MS Fram,https://www.hurtigruten.com/destinations/antarctica/the-frozen-land-of-the-penguins/,2018-01-01,14 Days,8087 €,,8087 €,9728 €,14666 €
In the Wake of the Buccaneers,CENFRWOR1703,MS Fram,https://www.hurtigruten.com/destinations/crossing-the-atlantic/in-the-wake-of-the-buccaneers/,2017-09-29,17 Days,3136 €,3136 €,3460 €,4284 €,5398 €
The Frozen Land of the Penguins,CENFRANT1701,MS Fram,https://www.hurtigruten.com/destinations/antarctica/the-frozen-land-of-the-penguins/,2017-11-14,14 Days,7928 €,7928 €,,,
"Exploration of the Caribbean’s Cays, Coves and Reefs - Southbound",CENFRCAR1804,MS Fram,https://www.hurtigruten.com/destinations/caribbean-and-central-america/exploration-of-the-caribbeans-cays-coves-and-reefs-southbound/,2018-10-20,16 Days,3095 €,3095 €,3559 €,4116 €,5168 €
"The Legendary Magellan, Chilean Fjords and Antarctica",CENMSANT1704,MS Midnatsol,https://www.hurtigruten.com/destinations/antarctica/the-legendary-magellan-chilean-fjords-and-antarctica/,2018-01-02,18 Days,7398 €,7398 €,7689 €,,
"The Ultimate Expedition to Antarctica, Falklands and South Georgia",CENFRANT1802,MS Fram,https://www.hurtigruten.com/destinations/antarctica/the-ultimate-expedition-to-antarctica-falklands-and-south-georgia/,2018-12-06,23 Days,10631 €,10631 €,12040 €,13730 €,16922 €
"The Legendary Magellan, Chilean Fjords and Antarctica",CENMSANT1704,MS Midnatsol,https://www.hurtigruten.com/destinations/antarctica/the-legendary-magellan-chilean-fjords-and-antarctica/,2017-12-17,18 Days,7650 €,7650 €,8036 €,8972 €,13745 €
The Ultimate Antarctica Experience,CENFRANT1702,MS Fram,https://www.hurtigruten.com/destinations/antarctica/the-ultimate-antarctica-experience/,2017-11-26,20 Days,10048 €,10048 €,11947 €,13148 €,16436 €
Arctic Wonders,UK8HRAW1,MS Nordlys,https://www.hurtigruten.com/destinations/norway/arctic-wonders/,2018-02-07,8 Days,1381 €,1381 €,1480 €,1641 €,
Arctic Wonders,UK8HRAW1,MS Kong Harald,https://www.hurtigruten.com/destinations/norway/arctic-wonders/,2018-01-24,8 Days,1293 €,1293 €,1385 €,1554 €,
Arctic Wonders,UK8HRAW1,MS Nordnorge,https://www.hurtigruten.com/destinations/norway/arctic-wonders/,2018-01-22,8 Days,1293 €,1293 €,1385 €,1554 €,
Arctic Wonders,UK8HRAW1,MS Nordnorge,https://www.hurtigruten.com/destinations/norway/arctic-wonders/,2018-02-02,8 Days,1381 €,1381 €,1480 €,1641 €,
Arctic Wonders,UK8HRAW1,MS Nordkapp,https://www.hurtigruten.com/destinations/norway/arctic-wonders/,2018-01-28,8 Days,1293 €,1293 €,1385 €,1554 €,2077 €
Arctic Wonders,UK8HRAW1,MS Nordnorge,https://www.hurtigruten.com/destinations/norway/arctic-wonders/,2018-01-11,8 Days,1293 €,1293 €,1385 €,1554 €,
Arctic Wonders,UK8HRAW1,MS Polarlys,https://www.hurtigruten.com/destinations/norway/arctic-wonders/,2018-01-19,8 Days,1385 €,,1385 €,1554 €,
Arctic Wonders,UK8HRAW1,MS Nordlys,https://www.hurtigruten.com/destinations/norway/arctic-wonders/,2018-01-16,8 Days,1293 €,1293 €,1385 €,1554 €,
Arctic Wonders,UK8HRAW1,MS Richard With,https://www.hurtigruten.com/destinations/norway/arctic-wonders/,2018-01-10,8 Days,1293 €,1293 €,1385 €,1554 €,
Cultural Contrasts - Through the North Atlantic to Africa ,CENMSEUR1702,MS Midnatsol,https://www.hurtigruten.com/destinations/europe/cultural-contrasts-through-the-north-atlantic-to-africa/,2017-09-13,11 Days,2421 €,2421 €,2531 €,2903 €,4582 €
Journey Across the Atlantic,CENMSWOR1704A,MS Midnatsol,https://www.hurtigruten.com/destinations/crossing-the-atlantic/journey-across-atlantic/,2017-10-06,18 Days,1360 €,1360 €,1401 €,1606 €,2013 €
Atlantic Island Exploration - Northbound,CENMSWOR1703A,MS Midnatsol,https://www.hurtigruten.com/destinations/europe/atlantic-island-exploration-northbound/,2017-09-23,14 Days,2390 €,2390 €,2460 €,2820 €,4422 €
Arctic Wonders,UK8HRAW1,MS Nordlys,https://www.hurtigruten.com/destinations/norway/arctic-wonders/,2018-01-05,8 Days,1293 €,1293 €,1385 €,1554 €,2077 €
Southern Hemisphere Adventure to Antarctica - Southbound,CENMSANT1801,MS Midnatsol,https://www.hurtigruten.com/destinations/antarctica/southern-hemisphere-adventure-to-antarctica-southbound/,2018-10-22,17 Days,5814 €,5814 €,5973 €,6743 €,8339 €
Southern Hemisphere Adventure to Antarctica -  Northbound,CENMSANT1906,MS Midnatsol,https://www.hurtigruten.com/destinations/antarctica/southern-hemisphere-adventure-to-antarctica-northbound/,2019-02-26,17 Days,5450 €,5450 €,5591 €,6274 €,7690 €
Southern Hemisphere Adventure - South America and Antarctica,CENMSANT1706,MS Midnatsol,https://www.hurtigruten.com/destinations/antarctica/southern-hemisphere-adventure-south-america-and-antarctica/,2018-02-26,17 Days,7061 €,7061 €,7354 €,8251 €,12818 €
"Penguins, Patagonia and Poetry",CENFRANT1705,MS Fram,https://www.hurtigruten.com/destinations/antarctica/penguins-patagonia-and-poetry/,2018-02-22,18 Days,9988 €,,9988 €,11122 €,
Patagonia to Antarctica expedition - Northbound,CENFRANT1903,MS Fram,https://www.hurtigruten.com/destinations/antarctica/patagonia-to-antarctica-expedition-northbound/,2019-02-28,20 Days,8363 €,8363 €,9944 €,10879 €,13471 €
Patagonia to Antarctica expedition - Southbound,CENFRANT1801,MS Fram,https://www.hurtigruten.com/destinations/antarctica/patagonia-to-antarctica-expedition-southbound/,2018-11-19,19 Days,8364 €,8364 €,9994 €,10958 €,13630 €
Adventure  to Antarctica - Highlights of the Frozen Continent,CENMSANT1804,MS Midnatsol,https://www.hurtigruten.com/destinations/antarctica/adventure-to-antarctica-highlights-of-the-frozen-continent/,2018-11-28,13 Days,5000 €,5000 €,5112 €,5657 €,6787 €
Discover Patagonia and Antarctica,CENMSANT1703,MS Midnatsol,https://www.hurtigruten.com/destinations/antarctica/discover-patagonia-and-antarctica/,2017-12-03,16 Days,6596 €,6596 €,6851 €,7630 €,9235 €
Adventure  to Antarctica - Highlights of the Frozen Continent,CENMSANT1905,MS Midnatsol,https://www.hurtigruten.com/destinations/antarctica/adventure-to-antarctica-highlights-of-the-frozen-continent/,2019-02-15,13 Days,5000 €,5000 €,5112 €,5657 €,6787 €
Adventure  to Antarctica - Highlights of the Frozen Continent,CENMSANT1903,MS Midnatsol,https://www.hurtigruten.com/destinations/antarctica/adventure-to-antarctica-highlights-of-the-frozen-continent/,2019-01-24,13 Days,5000 €,5000 €,5112 €,5657 €,6787 €
"Antarctica, the Polar Circle and Beyond",CENAMANT1902,MS Roald Amundsen,https://www.hurtigruten.com/destinations/antarctica/antarctica-the-polar-circle-and-beyond/,2019-01-30,20 Days,9499 €,,9499 €,10227 €,12411 €
"Discover Antarctica, Patagonia and the Chilean Fjords - Northbound",CENAMANT1904,MS Roald Amundsen,https://www.hurtigruten.com/destinations/antarctica/discover-antarctica-patagonia-and-the-chilean-fjords-northbound/,2019-03-07,20 Days,8861 €,,8861 €,10334 €,11884 €
Adventure  to Antarctica - Highlights of the Frozen Continent,CENMSANT1901,MS Midnatsol,https://www.hurtigruten.com/destinations/antarctica/adventure-to-antarctica-highlights-of-the-frozen-continent/,2019-01-02,13 Days,5000 €,5000 €,5112 €,5657 €,6787 €
"Antarctica, the Polar Circle and Beyond",CENAMANT1901,MS Roald Amundsen,https://www.hurtigruten.com/destinations/antarctica/antarctica-the-polar-circle-and-beyond/,2019-01-12,20 Days,9499 €,,9499 €,10227 €,12411 €
Adventure  to Antarctica - Highlights of the Frozen Continent,CENMSANT1802,MS Midnatsol,https://www.hurtigruten.com/destinations/antarctica/adventure-to-antarctica-highlights-of-the-frozen-continent/,2018-11-06,13 Days,5000 €,5000 €,5112 €,5657 €,6787 €
Adventure the Chilean Fjords and Antarctica ,CENMSANT1702,MS Midnatsol,https://www.hurtigruten.com/destinations/antarctica/adventure-to-the-chilean-fjords-and-antarctica/,2017-11-07,15 Days,5338 €,5338 €,5534 €,6138 €,7383 €
Adventure  to Antarctica - Highlights of the Frozen Continent,CENMSANT1803,MS Midnatsol,https://www.hurtigruten.com/destinations/antarctica/adventure-to-antarctica-highlights-of-the-frozen-continent/,2018-11-17,13 Days,5000 €,5000 €,5112 €,5657 €,6787 €
Adventure the Chilean Fjords and Antarctica ,CENMSANT1702,MS Midnatsol,https://www.hurtigruten.com/destinations/antarctica/adventure-to-the-chilean-fjords-and-antarctica/,2017-11-20,15 Days,5338 €,5338 €,5534 €,,11219 €
"Explore the South Atlantic, Antarctica and Patagonia",CENMSANT1701,MS Midnatsol,https://www.hurtigruten.com/destinations/antarctica/explore-the-south-atlantic-antarctica-and-patagonia/,2017-10-22,18 Days,6346 €,6346 €,6680 €,7493 €,11624 €
"Explore Antarctica, the Falklands and the Chilean Fjords",CENAMANT1805,MS Roald Amundsen,https://www.hurtigruten.com/destinations/antarctica/explore-antarctica-the-falklands-and-the-chilean-fjords/,2018-12-27,18 Days,12476 €,,,12476 €,13692 €
Adventure  to Antarctica - Highlights of the Frozen Continent,CENMSANT1904,MS Midnatsol,https://www.hurtigruten.com/destinations/antarctica/adventure-to-antarctica-highlights-of-the-frozen-continent/,2019-02-04,13 Days,5000 €,5000 €,5112 €,5657 €,6787 €
Adventure  to Antarctica - Highlights of the Frozen Continent,CENMSANT1805,MS Midnatsol,https://www.hurtigruten.com/destinations/antarctica/adventure-to-antarctica-highlights-of-the-frozen-continent/,2018-12-09,13 Days,5000 €,5000 €,5112 €,5657 €,6787 €
"Explore Antarctica, the Falklands and the Chilean Fjords",CENAMANT1802,MS Roald Amundsen,https://www.hurtigruten.com/destinations/antarctica/explore-antarctica-the-falklands-and-the-chilean-fjords/,2018-11-09,18 Days,9233 €,,9233 €,12476 €,13692 €
"Explore Antarctica, the Falklands and the Chilean Fjords",CENAMANT1804,MS Roald Amundsen,https://www.hurtigruten.com/destinations/antarctica/explore-antarctica-the-falklands-and-the-chilean-fjords/,2018-12-11,18 Days,9931 €,,9931 €,11845 €,12994 €
"Explore Antarctica, the Falklands and the Chilean Fjords",CENAMANT1803,MS Roald Amundsen,https://www.hurtigruten.com/destinations/antarctica/explore-antarctica-the-falklands-and-the-chilean-fjords/,2018-11-25,18 Days,10138 €,,10138 €,12098 €,12489 €
Adventure  to Antarctica - Highlights of the Frozen Continent,CENMSANT1902,MS Midnatsol,https://www.hurtigruten.com/destinations/antarctica/adventure-to-antarctica-highlights-of-the-frozen-continent/,2019-01-13,13 Days,5000 €,5000 €,5112 €,5657 €,6787 €
